               epoch,      train/box_loss,      train/cls_loss,      train/dfl_loss,   metrics/precision,      metrics/recall,     metrics/mAP_0.5,metrics/mAP_0.5:0.95,        val/box_loss,        val/cls_loss,        val/dfl_loss,               x/lr0,               x/lr1,               x/lr2
                   0,              2.8692,              3.7473,              3.2746,             0.31609,             0.42029,             0.29402,             0.20429,                   0,                   0,                   0,            0.070051,           0.0033277,           0.0033277
                   1,              1.7484,              2.8426,              2.1246,             0.46013,             0.56384,              0.4736,             0.35848,                   0,                   0,                   0,            0.039919,           0.0065291,           0.0065291
                   2,              1.5745,              2.5989,              1.8959,             0.61308,             0.54785,             0.56438,             0.43699,                   0,                   0,                   0,            0.009655,           0.0095986,           0.0095986
                   3,              1.4894,              2.4196,              1.8001,             0.70466,             0.64995,             0.70303,             0.56331,                   0,                   0,                   0,            0.009406,            0.009406,            0.009406
                   4,              1.4364,              2.2931,              1.7431,             0.75985,              0.6309,             0.71896,             0.58165,                   0,                   0,                   0,            0.009406,            0.009406,            0.009406
                   5,              1.4005,              2.2003,               1.706,             0.78888,             0.66415,             0.75501,             0.61246,                   0,                   0,                   0,            0.009208,            0.009208,            0.009208
                   6,              1.3844,              2.1325,              1.6812,             0.76444,             0.67895,             0.76357,             0.61817,                   0,                   0,                   0,             0.00901,             0.00901,             0.00901
                   7,              1.3647,              2.0773,              1.6574,             0.80244,               0.697,             0.78148,             0.63323,                   0,                   0,                   0,            0.008812,            0.008812,            0.008812
                   8,              1.3518,              2.0415,              1.6462,             0.80602,             0.71306,             0.78696,             0.64146,                   0,                   0,                   0,            0.008614,            0.008614,            0.008614
                   9,              1.3415,              2.0039,                1.63,             0.83073,             0.71258,             0.79629,             0.65237,                   0,                   0,                   0,            0.008416,            0.008416,            0.008416
                  10,              1.3294,              1.9801,              1.6224,             0.82964,             0.74615,             0.81609,             0.66817,                   0,                   0,                   0,            0.008218,            0.008218,            0.008218
                  11,              1.3248,              1.9684,              1.6172,              0.8387,             0.76051,             0.83406,             0.69394,                   0,                   0,                   0,             0.00802,             0.00802,             0.00802
                  12,              1.3081,              1.9274,              1.6026,             0.85976,             0.77165,             0.84609,             0.70046,                   0,                   0,                   0,            0.007822,            0.007822,            0.007822
                  13,              1.3058,                1.91,              1.6037,             0.85541,             0.77418,              0.8445,              0.7009,                   0,                   0,                   0,            0.007624,            0.007624,            0.007624
                  14,              1.3057,               1.892,              1.6018,             0.87308,             0.78381,              0.8586,              0.7108,                   0,                   0,                   0,            0.007426,            0.007426,            0.007426
                  15,              1.2944,              1.8722,              1.5936,             0.88585,             0.78469,             0.86244,             0.71342,                   0,                   0,                   0,            0.007228,            0.007228,            0.007228
                  16,              1.2944,              1.8602,              1.5929,             0.87029,              0.7857,             0.86565,              0.7164,                   0,                   0,                   0,             0.00703,             0.00703,             0.00703
                  17,              1.2918,              1.8422,              1.5904,             0.87304,             0.79732,             0.85986,             0.71211,                   0,                   0,                   0,            0.006832,            0.006832,            0.006832
                  18,              1.2823,              1.8329,              1.5827,              0.8767,             0.79835,             0.87175,               0.725,                   0,                   0,                   0,            0.006634,            0.006634,            0.006634
                  19,              1.2788,              1.8176,              1.5794,             0.88804,             0.78877,             0.86945,             0.72513,                   0,                   0,                   0,            0.006436,            0.006436,            0.006436
                  20,              1.2732,              1.8015,              1.5761,             0.87311,             0.79985,             0.86754,             0.72461,                   0,                   0,                   0,            0.006238,            0.006238,            0.006238
                  21,              1.2691,              1.7905,              1.5716,             0.86948,             0.81279,             0.87304,             0.72946,                   0,                   0,                   0,             0.00604,             0.00604,             0.00604
                  22,              1.2678,              1.7807,                1.57,             0.87618,              0.8147,             0.87447,             0.73052,                   0,                   0,                   0,            0.005842,            0.005842,            0.005842
                  23,              1.2635,              1.7706,              1.5674,             0.87061,             0.81102,             0.87118,             0.72844,                   0,                   0,                   0,            0.005644,            0.005644,            0.005644
                  24,              1.2577,              1.7606,              1.5685,             0.86928,             0.82353,             0.87431,             0.73256,                   0,                   0,                   0,            0.005446,            0.005446,            0.005446
                  25,              1.2479,              1.7344,              1.5601,             0.87407,             0.82539,             0.87711,             0.73519,                   0,                   0,                   0,            0.005248,            0.005248,            0.005248
                  26,              1.2498,              1.7304,              1.5604,             0.87055,             0.82687,             0.87781,             0.73583,                   0,                   0,                   0,             0.00505,             0.00505,             0.00505
                  27,              1.2455,              1.7128,              1.5526,             0.87315,             0.82279,             0.87956,             0.73681,                   0,                   0,                   0,            0.004852,            0.004852,            0.004852
                  28,              1.2408,              1.7076,              1.5517,             0.87727,             0.82016,             0.88134,             0.73887,                   0,                   0,                   0,            0.004654,            0.004654,            0.004654
                  29,              1.2372,              1.7009,              1.5493,             0.87575,             0.82245,             0.88171,             0.73922,                   0,                   0,                   0,            0.004456,            0.004456,            0.004456
                  30,              1.2222,              1.6671,              1.5407,             0.87992,             0.81936,             0.88293,             0.74069,                   0,                   0,                   0,            0.004258,            0.004258,            0.004258
                  31,              1.2216,              1.6653,              1.5427,             0.88199,             0.81911,             0.88401,             0.74165,                   0,                   0,                   0,             0.00406,             0.00406,             0.00406
                  32,              1.2168,              1.6542,              1.5325,             0.88018,             0.82064,             0.88499,             0.74263,                   0,                   0,                   0,            0.003862,            0.003862,            0.003862
                  33,              1.2108,              1.6322,              1.5299,             0.87901,             0.82312,             0.88535,             0.74288,                   0,                   0,                   0,            0.003664,            0.003664,            0.003664
                  34,              1.2055,              1.6308,              1.5297,             0.87981,             0.82292,             0.88635,             0.74396,                   0,                   0,                   0,            0.003466,            0.003466,            0.003466
                  35,              1.2048,              1.6175,              1.5266,             0.87772,             0.82718,             0.88812,              0.7457,                   0,                   0,                   0,            0.003268,            0.003268,            0.003268
                  36,              1.1946,              1.5982,              1.5222,             0.87787,             0.82624,             0.88892,             0.74716,                   0,                   0,                   0,             0.00307,             0.00307,             0.00307
                  37,              1.1843,              1.5865,              1.5181,             0.87909,             0.82757,              0.8894,              0.7477,                   0,                   0,                   0,            0.002872,            0.002872,            0.002872
                  38,              1.1857,              1.5762,              1.5118,             0.88116,             0.82663,             0.89043,             0.74801,                   0,                   0,                   0,            0.002674,            0.002674,            0.002674
                  39,              1.1773,              1.5665,              1.5059,             0.88311,             0.82535,             0.89093,             0.74928,                   0,                   0,                   0,            0.002476,            0.002476,            0.002476
                  40,              1.1694,              1.5506,              1.5046,             0.88438,              0.8245,             0.89128,             0.75007,                   0,                   0,                   0,            0.002278,            0.002278,            0.002278
                  41,              1.1748,              1.5371,              1.5063,             0.88354,             0.82855,             0.89236,             0.75108,                   0,                   0,                   0,             0.00208,             0.00208,             0.00208
                  42,              1.1554,              1.5222,              1.4954,             0.88646,             0.82674,             0.89368,             0.75223,                   0,                   0,                   0,            0.001882,            0.001882,            0.001882
                  43,              1.1461,              1.5011,               1.494,             0.88726,             0.83015,             0.89479,             0.75366,                   0,                   0,                   0,            0.001684,            0.001684,            0.001684
                  44,              1.1441,              1.5034,              1.4904,             0.89065,              0.8315,             0.89579,             0.75443,                   0,                   0,                   0,            0.001486,            0.001486,            0.001486
                  45,              1.1422,              1.4823,              1.4866,             0.89132,             0.83019,             0.89659,             0.75499,                   0,                   0,                   0,            0.001288,            0.001288,            0.001288
                  46,              1.1297,              1.4611,              1.4781,             0.89279,             0.83239,             0.89729,             0.75586,                   0,                   0,                   0,             0.00109,             0.00109,             0.00109
                  47,              1.1282,              1.4499,              1.4703,             0.89484,             0.83244,             0.89781,             0.75703,                   0,                   0,                   0,            0.000892,            0.000892,            0.000892
                  48,              1.1187,              1.4397,              1.4689,             0.89577,             0.83194,             0.89842,             0.75771,                   0,                   0,                   0,            0.000694,            0.000694,            0.000694
                  49,              1.1145,              1.4254,              1.4648,             0.89713,             0.83392,             0.89913,             0.75784,                   0,                   0,                   0,            0.000496,            0.000496,            0.000496
